<?xml version="1.0"?>
<config ptpl="Azure-HA-Networking" version="9.1.0" urldb="paloaltonetworks">
  <devices ptpl="Azure-HA-Networking">
    <entry name="localhost.localdomain" ptpl="Azure-HA-Networking">
      <network ptpl="Azure-HA-Networking">
        <virtual-router ptpl="Azure-HA-Networking">
          <entry name="vr-untrust">
            <ecmp>
              <algorithm>
                <ip-modulo/>
              </algorithm>
            </ecmp>
            <protocol>
              <bgp>
                <routing-options>
                  <graceful-restart>
                    <enable>yes</enable>
                  </graceful-restart>
                </routing-options>
                <enable>no</enable>
              </bgp>
              <rip>
                <enable>no</enable>
              </rip>
              <ospf>
                <enable>no</enable>
              </ospf>
              <ospfv3>
                <enable>no</enable>
              </ospfv3>
            </protocol>
            <interface>
              <member>ethernet1/1</member>
            </interface>
            <routing-table>
              <ip>
                <static-route>
                  <entry name="DefaultGateway">
                    <nexthop>
                      <ip-address>10.0.1.1</ip-address>
                    </nexthop>
                    <bfd>
                      <profile>None</profile>
                    </bfd>
                    <path-monitor>
                      <enable>no</enable>
                      <failure-condition>any</failure-condition>
                      <hold-time>2</hold-time>
                    </path-monitor>
                    <interface>ethernet1/1</interface>
                    <metric>10</metric>
                    <destination>0.0.0.0/0</destination>
                    <route-table>
                      <unicast/>
                    </route-table>
                  </entry>
                  <entry name="Probeuntrust">
                    <path-monitor>
                      <enable>no</enable>
                      <failure-condition>any</failure-condition>
                      <hold-time>2</hold-time>
                    </path-monitor>
                    <nexthop>
                      <ip-address>10.0.1.1</ip-address>
                    </nexthop>
                    <bfd>
                      <profile>None</profile>
                    </bfd>
                    <interface>ethernet1/1</interface>
                    <metric>10</metric>
                    <destination>168.63.129.16/32</destination>
                    <route-table>
                      <unicast/>
                    </route-table>
                  </entry>
                  <entry name="trust-side">
                    <nexthop>
                      <next-vr>vr-trust</next-vr>
                    </nexthop>
                    <bfd>
                      <profile>None</profile>
                    </bfd>
                    <path-monitor>
                      <enable>no</enable>
                      <failure-condition>any</failure-condition>
                      <hold-time>2</hold-time>
                    </path-monitor>
                    <metric>10</metric>
                    <destination>10.0.2.0/24</destination>
                    <route-table>
                      <unicast/>
                    </route-table>
                  </entry>
                </static-route>
              </ip>
            </routing-table>
          </entry>
          <entry name="vr-trust">
            <ecmp>
              <algorithm>
                <ip-modulo/>
              </algorithm>
            </ecmp>
            <protocol>
              <bgp>
                <routing-options>
                  <graceful-restart>
                    <enable>yes</enable>
                  </graceful-restart>
                </routing-options>
                <enable>no</enable>
              </bgp>
              <rip>
                <enable>no</enable>
              </rip>
              <ospf>
                <enable>no</enable>
              </ospf>
              <ospfv3>
                <enable>no</enable>
              </ospfv3>
            </protocol>
            <interface>
              <member>ethernet1/2</member>
            </interface>
            <routing-table>
              <ip>
                <static-route>
                  <entry name="DefaultGW">
                    <path-monitor>
                      <enable>no</enable>
                      <failure-condition>any</failure-condition>
                      <hold-time>2</hold-time>
                    </path-monitor>
                    <nexthop>
                      <next-vr>vr-untrust</next-vr>
                    </nexthop>
                    <bfd>
                      <profile>None</profile>
                    </bfd>
                    <interface>ethernet1/2</interface>
                    <metric>10</metric>
                    <destination>0.0.0.0/0</destination>
                    <route-table>
                      <unicast/>
                    </route-table>
                  </entry>
                  <entry name="ProbeTrust">
                    <path-monitor>
                      <enable>no</enable>
                      <failure-condition>any</failure-condition>
                      <hold-time>2</hold-time>
                    </path-monitor>
                    <nexthop>
                      <ip-address>10.0.2.1</ip-address>
                    </nexthop>
                    <bfd>
                      <profile>None</profile>
                    </bfd>
                    <interface>ethernet1/2</interface>
                    <metric>10</metric>
                    <destination>168.63.129.16/32</destination>
                    <route-table>
                      <unicast/>
                    </route-table>
                  </entry>
                </static-route>
              </ip>
            </routing-table>
          </entry>
          <entry name="default">
            <protocol>
              <bgp>
                <enable>no</enable>
                <dampening-profile>
                  <entry name="default">
                    <cutoff>1.25</cutoff>
                    <reuse>0.5</reuse>
                    <max-hold-time>900</max-hold-time>
                    <decay-half-life-reachable>300</decay-half-life-reachable>
                    <decay-half-life-unreachable>900</decay-half-life-unreachable>
                    <enable>yes</enable>
                  </entry>
                </dampening-profile>
              </bgp>
            </protocol>
          </entry>
        </virtual-router>
        <interface ptpl="Azure-HA-Networking">
          <ethernet ptpl="Azure-HA-Networking">
            <entry name="ethernet1/1">
              <layer3>
                <ndp-proxy>
                  <enabled>no</enabled>
                </ndp-proxy>
                <lldp>
                  <enable>no</enable>
                </lldp>
                <interface-management-profile>SSH Ping</interface-management-profile>
                <ip>
                  <entry name="10.0.1.5/24"/>
                  <entry name="10.0.1.4/32"/>
                </ip>
              </layer3>
              <comment>untrust</comment>
            </entry>
            <entry name="ethernet1/2">
              <layer3>
                <ndp-proxy>
                  <enabled>no</enabled>
                </ndp-proxy>
                <interface-management-profile>SSH Ping</interface-management-profile>
                <lldp>
                  <enable>no</enable>
                </lldp>
                <ip>
                  <entry name="10.0.2.5/24"/>
                  <entry name="10.0.2.4/32"/>
                </ip>
              </layer3>
              <comment>trust</comment>
            </entry>
            <entry name="ethernet1/3" ptpl="Azure-HA-Networking">
              <comment ptpl="Azure-HA-Networking">HA2</comment>
              <ha ptpl="Azure-HA-Networking"/>
            </entry>
          </ethernet>
        </interface>
        <profiles ptpl="Azure-HA-Networking">
          <interface-management-profile ptpl="Azure-HA-Networking">
            <entry name="SSH Ping" ptpl="Azure-HA-Networking">
              <ssh ptpl="Azure-HA-Networking">yes</ssh>
              <ping ptpl="Azure-HA-Networking">yes</ping>
            </entry>
          </interface-management-profile>
          <monitor-profile>
            <entry name="default">
              <interval>3</interval>
              <threshold>5</threshold>
              <action>wait-recover</action>
            </entry>
          </monitor-profile>
        </profiles>
        <ike>
          <crypto-profiles>
            <ike-crypto-profiles>
              <entry name="default">
                <encryption>
                  <member>aes-128-cbc</member>
                  <member>3des</member>
                </encryption>
                <hash>
                  <member>sha1</member>
                </hash>
                <dh-group>
                  <member>group2</member>
                </dh-group>
                <lifetime>
                  <hours>8</hours>
                </lifetime>
              </entry>
              <entry name="Suite-B-GCM-128">
                <encryption>
                  <member>aes-128-cbc</member>
                </encryption>
                <hash>
                  <member>sha256</member>
                </hash>
                <dh-group>
                  <member>group19</member>
                </dh-group>
                <lifetime>
                  <hours>8</hours>
                </lifetime>
              </entry>
              <entry name="Suite-B-GCM-256">
                <encryption>
                  <member>aes-256-cbc</member>
                </encryption>
                <hash>
                  <member>sha384</member>
                </hash>
                <dh-group>
                  <member>group20</member>
                </dh-group>
                <lifetime>
                  <hours>8</hours>
                </lifetime>
              </entry>
            </ike-crypto-profiles>
            <ipsec-crypto-profiles>
              <entry name="default">
                <esp>
                  <encryption>
                    <member>aes-128-cbc</member>
                    <member>3des</member>
                  </encryption>
                  <authentication>
                    <member>sha1</member>
                  </authentication>
                </esp>
                <dh-group>group2</dh-group>
                <lifetime>
                  <hours>1</hours>
                </lifetime>
              </entry>
              <entry name="Suite-B-GCM-128">
                <esp>
                  <encryption>
                    <member>aes-128-gcm</member>
                  </encryption>
                  <authentication>
                    <member>none</member>
                  </authentication>
                </esp>
                <dh-group>group19</dh-group>
                <lifetime>
                  <hours>1</hours>
                </lifetime>
              </entry>
              <entry name="Suite-B-GCM-256">
                <esp>
                  <encryption>
                    <member>aes-256-gcm</member>
                  </encryption>
                  <authentication>
                    <member>none</member>
                  </authentication>
                </esp>
                <dh-group>group20</dh-group>
                <lifetime>
                  <hours>1</hours>
                </lifetime>
              </entry>
            </ipsec-crypto-profiles>
            <global-protect-app-crypto-profiles>
              <entry name="default">
                <encryption>
                  <member>aes-128-cbc</member>
                </encryption>
                <authentication>
                  <member>sha1</member>
                </authentication>
              </entry>
            </global-protect-app-crypto-profiles>
          </crypto-profiles>
          <gateway/>
        </ike>
        <qos>
          <profile>
            <entry name="default">
              <class-bandwidth-type>
                <mbps>
                  <class>
                    <entry name="class1">
                      <priority>real-time</priority>
                    </entry>
                    <entry name="class2">
                      <priority>high</priority>
                    </entry>
                    <entry name="class3">
                      <priority>high</priority>
                    </entry>
                    <entry name="class4">
                      <priority>medium</priority>
                    </entry>
                    <entry name="class5">
                      <priority>medium</priority>
                    </entry>
                    <entry name="class6">
                      <priority>low</priority>
                    </entry>
                    <entry name="class7">
                      <priority>low</priority>
                    </entry>
                    <entry name="class8">
                      <priority>low</priority>
                    </entry>
                  </class>
                </mbps>
              </class-bandwidth-type>
            </entry>
          </profile>
        </qos>
        <tunnel>
          <ipsec/>
          <global-protect-gateway/>
          <global-protect-site-to-site/>
        </tunnel>
      </network>
      <deviceconfig ptpl="ntp-dns-timezone-auth">
        <system ptpl="ntp-dns-timezone-auth">
          <dns-setting ptpl="ntp-dns-timezone-auth">
            <servers ptpl="ntp-dns-timezone-auth">
              <primary ptpl="ntp-dns-timezone-auth">8.8.8.8</primary>
            </servers>
          </dns-setting>
          <ntp-servers ptpl="ntp-dns-timezone-auth">
            <primary-ntp-server ptpl="ntp-dns-timezone-auth">
              <ntp-server-address>ntp.pool.org</ntp-server-address>
              <authentication-type>
                <none/>
              </authentication-type>
            </primary-ntp-server>
          </ntp-servers>
          <panorama>
            <local-panorama/>
          </panorama>
          <type>
            <dhcp-client>
              <send-hostname>yes</send-hostname>
              <send-client-id>no</send-client-id>
              <accept-dhcp-hostname>no</accept-dhcp-hostname>
              <accept-dhcp-domain>no</accept-dhcp-domain>
            </dhcp-client>
          </type>
          <update-server>updates.paloaltonetworks.com</update-server>
          <update-schedule>
            <threats>
              <recurring>
                <weekly>
                  <day-of-week>wednesday</day-of-week>
                  <at>01:02</at>
                  <action>download-only</action>
                </weekly>
              </recurring>
            </threats>
          </update-schedule>
          <service>
            <disable-telnet>yes</disable-telnet>
            <disable-http>yes</disable-http>
          </service>
          <hostname>vmseries-fw-vm2</hostname>
          <login-banner>VM2 Fast HA</login-banner>
        </system>
        <setting>
          <config>
            <rematch>yes</rematch>
          </config>
          <management>
            <hostname-type-in-syslog>FQDN</hostname-type-in-syslog>
            <initcfg>
              <type>
                <dhcp-client>
                  <send-hostname>yes</send-hostname>
                  <send-client-id>no</send-client-id>
                  <accept-dhcp-hostname>no</accept-dhcp-hostname>
                  <accept-dhcp-domain>no</accept-dhcp-domain>
                </dhcp-client>
              </type>
              <hostname>vmseries-fw-vm1</hostname>
              <username>cestebanez</username>
            </initcfg>
            <disable-commit-recovery>yes</disable-commit-recovery>
          </management>
        </setting>
        <high-availability>
          <interface>
            <ha1/>
            <ha2>
              <port>ethernet1/3</port>
              <ip-address>10.0.2.10</ip-address>
              <netmask>255.255.255.0</netmask>
              <gateway>10.0.2.1</gateway>
            </ha2>
          </interface>
          <group>
            <group-id>1</group-id>
            <peer-ip>10.0.0.4</peer-ip>
            <mode>
              <active-passive>
                <passive-link-state>auto</passive-link-state>
              </active-passive>
            </mode>
            <election-option>
              <device-priority>200</device-priority>
              <timers>
                <recommended/>
              </timers>
            </election-option>
            <configuration-synchronization>
              <enabled>no</enabled>
            </configuration-synchronization>
          </group>
          <enabled>yes</enabled>
        </high-availability>
      </deviceconfig>
      <vsys>
        <entry name="vsys1" ptpl="Azure-HA-Networking">
          <zone ptpl="Azure-HA-Networking">
            <entry name="untrust" ptpl="Azure-HA-Networking">
              <network ptpl="Azure-HA-Networking">
                <layer3 ptpl="Azure-HA-Networking">
                  <member ptpl="Azure-HA-Networking">ethernet1/1</member>
                </layer3>
              </network>
            </entry>
            <entry name="trust" ptpl="Azure-HA-Networking">
              <network ptpl="Azure-HA-Networking">
                <layer3 ptpl="Azure-HA-Networking">
                  <member ptpl="Azure-HA-Networking">ethernet1/2</member>
                </layer3>
              </network>
            </entry>
          </zone>
          <import ptpl="Azure-HA-Networking">
            <network ptpl="Azure-HA-Networking">
              <interface ptpl="Azure-HA-Networking">
                <member>ethernet1/1</member>
                <member>ethernet1/2</member>
              </interface>
            </network>
          </import>
          <application/>
          <application-group/>
          <service>
            <entry name="ssh" loc="Azure">
              <protocol loc="Azure">
                <tcp loc="Azure">
                  <port loc="Azure">22</port>
                  <override loc="Azure">
                    <no loc="Azure"/>
                  </override>
                </tcp>
              </protocol>
            </entry>
          </service>
          <service-group/>
          <schedule/>
          <rulebase>
            <security>
              <rules>
                <entry name="HealthProbe-no-log" uuid="407b62f2-2790-44ef-bbaf-5721c7ef6241">
                  <to>
                    <member>any</member>
                  </to>
                  <from>
                    <member>any</member>
                  </from>
                  <source>
                    <member>168.63.129.16/32</member>
                  </source>
                  <destination>
                    <member>any</member>
                  </destination>
                  <source-user>
                    <member>any</member>
                  </source-user>
                  <category>
                    <member>any</member>
                  </category>
                  <application>
                    <member>ssh</member>
                  </application>
                  <service>
                    <member>application-default</member>
                  </service>
                  <hip-profiles>
                    <member>any</member>
                  </hip-profiles>
                  <action>allow</action>
                  <log-end>no</log-end>
                  <description>This rule allow receiving Healthprobe packets on untrust and trust interfaces, no logs activated.</description>
                </entry>
                <entry name="Allow ALL" uuid="60523006-9071-41c0-9c4d-90927d25abf5">
                  <to loc="Azure">
                    <member loc="Azure">any</member>
                  </to>
                  <from loc="Azure">
                    <member loc="Azure">any</member>
                  </from>
                  <source loc="Azure">
                    <member loc="Azure">any</member>
                  </source>
                  <destination loc="Azure">
                    <member loc="Azure">any</member>
                  </destination>
                  <source-user loc="Azure">
                    <member loc="Azure">any</member>
                  </source-user>
                  <category loc="Azure">
                    <member loc="Azure">any</member>
                  </category>
                  <application loc="Azure">
                    <member loc="Azure">any</member>
                  </application>
                  <service loc="Azure">
                    <member loc="Azure">any</member>
                  </service>
                  <hip-profiles loc="Azure">
                    <member loc="Azure">any</member>
                  </hip-profiles>
                  <action loc="Azure">allow</action>
                </entry>
              </rules>
            </security>
            <default-security-rules>
              <rules/>
            </default-security-rules>
            <application-override>
              <rules/>
            </application-override>
            <decryption>
              <rules/>
            </decryption>
            <tunnel-inspect>
              <rules/>
            </tunnel-inspect>
            <authentication>
              <rules/>
            </authentication>
            <nat>
              <rules>
                <entry name="HealthProbe-noNAT" uuid="58d2f1d1-559e-47cf-b0ae-71224a4b22b5">
                  <to>
                    <member>untrust</member>
                  </to>
                  <from>
                    <member>untrust</member>
                  </from>
                  <source>
                    <member>168.63.129.16/32</member>
                  </source>
                  <destination>
                    <member>any</member>
                  </destination>
                  <service>any</service>
                  <description>This rule is used to terminate Healthprobe packet on all interfaces but avoid forward the Healthprobe packet to a target.</description>
                </entry>
                <entry name="Outbound" uuid="92669765-95be-405f-8914-f8759fedc9e7">
                  <source-translation>
                    <dynamic-ip-and-port>
                      <interface-address>
                        <interface>ethernet1/1</interface>
                      </interface-address>
                    </dynamic-ip-and-port>
                  </source-translation>
                  <to>
                    <member>untrust</member>
                  </to>
                  <from>
                    <member>trust</member>
                  </from>
                  <source>
                    <member>any</member>
                  </source>
                  <destination>
                    <member>any</member>
                  </destination>
                  <service>any</service>
                  <description>This rule is used to NAT all outbound packet behind eth1/1 interface IP address.</description>
                </entry>
                <entry name="Http-IN-VM2" uuid="7c51c84f-8c65-4dea-a146-0272c60139ff">
                  <destination-translation>
                    <translated-address>10.0.2.6</translated-address>
                  </destination-translation>
                  <to>
                    <member>untrust</member>
                  </to>
                  <from>
                    <member>untrust</member>
                  </from>
                  <source>
                    <member>any</member>
                  </source>
                  <destination>
                    <member>10.0.1.5/32</member>
                  </destination>
                  <service>service-http</service>
                  <to-interface>any</to-interface>
                  <description>This rule is used to Destination NAT packet to the Linux target instance.
As we use an Active/Passive cluster, there is no need for SNAT.</description>
                </entry>
              </rules>
            </nat>
            <qos>
              <rules/>
            </qos>
            <pbf>
              <rules/>
            </pbf>
            <sdwan>
              <rules/>
            </sdwan>
            <dos>
              <rules/>
            </dos>
          </rulebase>
          <address/>
          <address-group/>
          <external-list/>
          <region/>
          <application-tag/>
          <application-filter/>
          <profile-group/>
          <authentication-object/>
          <dynamic-user-group/>
          <tag/>
          <application-status/>
          <threats>
            <vulnerability/>
            <spyware/>
          </threats>
          <profiles>
            <virus/>
            <spyware/>
            <vulnerability/>
            <url-filtering/>
            <custom-url-category/>
            <file-blocking/>
            <data-filtering/>
            <data-objects/>
            <hip-objects/>
            <hip-profiles/>
            <dos-protection/>
            <decryption/>
            <wildfire-analysis/>
            <gtp/>
          </profiles>
        </entry>
      </vsys>
    </entry>
  </devices>
  <shared>
    <content-preview>
      <application>
        <entry id="10343" minver="7.1.0" name="crowdstrike" ori_country="USA" ori_language="English">
          <category>business-systems</category>
          <subcategory>management</subcategory>
          <technology>client-server</technology>
          <description>CrowdStrike is a SaaS (software as a service) solution that leverages advanced EDR (endpoint detection and response) applications and techniques to provide an industry-leading NGAV (next generation anti-virus) offering powered by machine learning to ensure breaches are stopped before they occur.</description>
          <appident>yes</appident>
          <evasive-behavior>no</evasive-behavior>
          <consume-big-bandwidth>no</consume-big-bandwidth>
          <used-by-malware>no</used-by-malware>
          <able-to-transfer-file>no</able-to-transfer-file>
          <has-known-vulnerability>no</has-known-vulnerability>
          <tunnel-other-application>no</tunnel-other-application>
          <prone-to-misuse>no</prone-to-misuse>
          <pervasive-use>no</pervasive-use>
          <per-direction-regex>no</per-direction-regex>
          <deny-action>drop-reset</deny-action>
          <cachable>no</cachable>
          <can-disable>yes</can-disable>
          <new-appid>yes</new-appid>
          <references>
            <entry name="Wikipedia">
              <link>https://en.wikipedia.org/wiki/CrowdStrike</link>
            </entry>
          </references>
          <default>
            <port>
              <member>tcp/443</member>
            </port>
          </default>
          <use-applications>
            <member>ssl</member>
          </use-applications>
          <applicable-decoders>
            <member>ssl</member>
          </applicable-decoders>
          <risk>1</risk>
          <preview>yes</preview>
        </entry>
        <entry id="10348" minver="7.1.0" name="firmex-downloading" ori_country="USA" ori_language="English">
          <category>business-systems</category>
          <subcategory>general-business</subcategory>
          <technology>browser-based</technology>
          <description>Firmex is the virtual data room for secure document sharing in M&amp;amp;A, due diligence, compliance, litigation, corporate transactions. This appid covers the browser's downloading traffic for firmex.</description>
          <appident>yes</appident>
          <virus-ident>yes</virus-ident>
          <spyware-ident>yes</spyware-ident>
          <file-type-ident>yes</file-type-ident>
          <vulnerability-ident>yes</vulnerability-ident>
          <evasive-behavior>no</evasive-behavior>
          <consume-big-bandwidth>no</consume-big-bandwidth>
          <used-by-malware>no</used-by-malware>
          <able-to-transfer-file>yes</able-to-transfer-file>
          <has-known-vulnerability>yes</has-known-vulnerability>
          <tunnel-other-application>no</tunnel-other-application>
          <prone-to-misuse>no</prone-to-misuse>
          <pervasive-use>no</pervasive-use>
          <per-direction-regex>no</per-direction-regex>
          <deny-action>drop-reset</deny-action>
          <data-ident>yes</data-ident>
          <cachable>no</cachable>
          <file-forward>yes</file-forward>
          <can-disable>yes</can-disable>
          <new-appid>yes</new-appid>
          <parent-app>firmex-base</parent-app>
          <tag minver="9.1.0">
            <member>[Web App]</member>
          </tag>
          <references>
            <entry name="Wikipedia">
              <link>https://en.wikipedia.org/wiki/Firmex</link>
            </entry>
          </references>
          <default>
            <port>
              <member>tcp/80,443</member>
            </port>
          </default>
          <use-applications minver="7.1.0">
            <member minver="7.1.0">firmex-base</member>
          </use-applications>
          <applicable-decoders>
            <member>http</member>
          </applicable-decoders>
          <risk>2</risk>
          <preview>yes</preview>
        </entry>
        <entry id="10346" minver="7.1.0" name="firmex-base" ori_country="USA" ori_language="English">
          <ottawa-name>firmex</ottawa-name>
          <category>business-systems</category>
          <subcategory>general-business</subcategory>
          <technology>browser-based</technology>
          <description>Firmex is a cloud-based Virtual data room service provider. Firmex is virtual data room for secure document sharing in M&amp;amp;A, due diligence, compliance, litigation, corporate transactions. This appid covers the base browser traffic for firmex.</description>
          <appident>yes</appident>
          <spyware-ident>yes</spyware-ident>
          <vulnerability-ident>yes</vulnerability-ident>
          <evasive-behavior>no</evasive-behavior>
          <consume-big-bandwidth>no</consume-big-bandwidth>
          <used-by-malware>no</used-by-malware>
          <able-to-transfer-file>no</able-to-transfer-file>
          <has-known-vulnerability>yes</has-known-vulnerability>
          <tunnel-other-application>no</tunnel-other-application>
          <prone-to-misuse>no</prone-to-misuse>
          <pervasive-use>no</pervasive-use>
          <per-direction-regex>no</per-direction-regex>
          <deny-action>drop-reset</deny-action>
          <data-ident>yes</data-ident>
          <cachable>no</cachable>
          <can-disable>yes</can-disable>
          <new-appid>yes</new-appid>
          <parent-app>web20_parrent_app</parent-app>
          <tag minver="9.1.0">
            <member>[Web App]</member>
          </tag>
          <references>
            <entry name="Wikipedia">
              <link>https://en.wikipedia.org/wiki/Firmex</link>
            </entry>
          </references>
          <default>
            <port>
              <member>tcp/80,443</member>
            </port>
          </default>
          <use-applications>
            <member>ssl</member>
            <member>web-browsing</member>
          </use-applications>
          <tunnel-applications minver="7.1.0">
            <member minver="7.1.0">firmex-downloading</member>
            <member minver="7.1.0">firmex-uploading</member>
          </tunnel-applications>
          <implicit-use-applications>
            <member>ssl</member>
            <member>web-browsing</member>
          </implicit-use-applications>
          <applicable-decoders>
            <member>http</member>
            <member>ssl</member>
          </applicable-decoders>
          <risk>1</risk>
          <application-container>firmex</application-container>
          <preview>yes</preview>
        </entry>
        <entry id="10346" minver="7.1.0" ori_country="USA" ori_language="English" name="firmex">
          <ottawa-name>firmex</ottawa-name>
          <category>business-systems</category>
          <subcategory>general-business</subcategory>
          <technology>browser-based</technology>
          <description>Firmex is a cloud-based Virtual data room service provider. Firmex is virtual data room for secure document sharing in M&amp;amp;A, due diligence, compliance, litigation, corporate transactions. This appid covers the base browser traffic for firmex.</description>
          <appident>yes</appident>
          <spyware-ident>yes</spyware-ident>
          <vulnerability-ident>yes</vulnerability-ident>
          <evasive-behavior>no</evasive-behavior>
          <consume-big-bandwidth>no</consume-big-bandwidth>
          <used-by-malware>no</used-by-malware>
          <able-to-transfer-file>no</able-to-transfer-file>
          <has-known-vulnerability>yes</has-known-vulnerability>
          <tunnel-other-application>no</tunnel-other-application>
          <prone-to-misuse>no</prone-to-misuse>
          <pervasive-use>no</pervasive-use>
          <per-direction-regex>no</per-direction-regex>
          <deny-action>drop-reset</deny-action>
          <data-ident>yes</data-ident>
          <cachable>no</cachable>
          <can-disable>yes</can-disable>
          <new-appid>yes</new-appid>
          <parent-app>web20_parrent_app</parent-app>
          <tag minver="9.1.0">
            <member>[Web App]</member>
          </tag>
          <references>
            <entry name="Wikipedia">
              <link>https://en.wikipedia.org/wiki/Firmex</link>
            </entry>
          </references>
          <default>
            <port>
              <member>tcp/80,443</member>
            </port>
          </default>
          <use-applications>
            <member>ssl</member>
            <member>web-browsing</member>
          </use-applications>
          <tunnel-applications minver="7.1.0">
            <member minver="7.1.0">firmex-downloading</member>
            <member minver="7.1.0">firmex-uploading</member>
          </tunnel-applications>
          <implicit-use-applications>
            <member>ssl</member>
            <member>web-browsing</member>
          </implicit-use-applications>
          <applicable-decoders>
            <member>http</member>
            <member>ssl</member>
          </applicable-decoders>
          <risk>1</risk>
          <application-container>firmex</application-container>
          <preview>yes</preview>
        </entry>
        <entry id="10347" minver="7.1.0" name="firmex-uploading" ori_country="USA" ori_language="English">
          <category>business-systems</category>
          <subcategory>general-business</subcategory>
          <technology>browser-based</technology>
          <description>Firmex is the virtual data room for secure document sharing in M&amp;amp;A, due diligence, compliance, litigation, corporate transactions. This appid covers the browser's uploading traffic for firmex.</description>
          <appident>yes</appident>
          <spyware-ident>yes</spyware-ident>
          <vulnerability-ident>yes</vulnerability-ident>
          <evasive-behavior>no</evasive-behavior>
          <consume-big-bandwidth>no</consume-big-bandwidth>
          <used-by-malware>no</used-by-malware>
          <able-to-transfer-file>yes</able-to-transfer-file>
          <has-known-vulnerability>yes</has-known-vulnerability>
          <tunnel-other-application>no</tunnel-other-application>
          <prone-to-misuse>no</prone-to-misuse>
          <pervasive-use>no</pervasive-use>
          <per-direction-regex>no</per-direction-regex>
          <deny-action>drop-reset</deny-action>
          <cachable>no</cachable>
          <can-disable>yes</can-disable>
          <new-appid>yes</new-appid>
          <parent-app>firmex-base</parent-app>
          <tag minver="9.1.0">
            <member>[Web App]</member>
          </tag>
          <references>
            <entry name="Wikipedia">
              <link>https://en.wikipedia.org/wiki/Firmex</link>
            </entry>
          </references>
          <default>
            <port>
              <member>tcp/80,443</member>
            </port>
          </default>
          <use-applications minver="7.1.0">
            <member minver="7.1.0">firmex-base</member>
          </use-applications>
          <applicable-decoders>
            <member>http</member>
          </applicable-decoders>
          <risk>2</risk>
          <preview>yes</preview>
        </entry>
        <entry id="10349" minver="7.1.0" name="resilio" ori_country="USA" ori_language="English">
          <category>general-internet</category>
          <subcategory>file-sharing</subcategory>
          <technology>client-server</technology>
          <description>Resilio Sync (formerly BitTorrent Sync) by Resilio, Inc. is a proprietary peer-to-peer file synchronization tool. It can sync files between devices on a local network, or between remote devices over the Internet via a modified version of the BitTorrent protocol.</description>
          <appident>yes</appident>
          <vulnerability-ident>yes</vulnerability-ident>
          <evasive-behavior>no</evasive-behavior>
          <consume-big-bandwidth>no</consume-big-bandwidth>
          <used-by-malware>no</used-by-malware>
          <able-to-transfer-file>yes</able-to-transfer-file>
          <has-known-vulnerability>yes</has-known-vulnerability>
          <tunnel-other-application>no</tunnel-other-application>
          <prone-to-misuse>no</prone-to-misuse>
          <pervasive-use>no</pervasive-use>
          <per-direction-regex>no</per-direction-regex>
          <deny-action>drop-reset</deny-action>
          <cachable>no</cachable>
          <new-appid>yes</new-appid>
          <parent-app>web20_parrent_app</parent-app>
          <references>
            <entry name="Wikipedia">
              <link>https://en.wikipedia.org/wiki/Resilio_Sync</link>
            </entry>
          </references>
          <default>
            <port>
              <member>tcp/dynamic</member>
              <member>udp/dynamic</member>
            </port>
          </default>
          <use-applications>
            <member>bittorrent</member>
            <member>ssl</member>
          </use-applications>
          <implicit-use-applications>
            <member>ssl</member>
          </implicit-use-applications>
          <risk>2</risk>
          <preview>yes</preview>
        </entry>
        <entry id="10354" minver="7.1.0" name="workplace-downloading" ori_country="USA" ori_language="English">
          <category>collaboration</category>
          <subcategory>social-business</subcategory>
          <technology>browser-based</technology>
          <description>Workplace is an enterprise connectivity platform developed by Facebook, Inc. and featuring tools like groups, instant messaging and News Feed. This App-ID covers the file downloading of workplace.</description>
          <appident>yes</appident>
          <virus-ident>yes</virus-ident>
          <spyware-ident>yes</spyware-ident>
          <file-type-ident>yes</file-type-ident>
          <vulnerability-ident>yes</vulnerability-ident>
          <evasive-behavior>no</evasive-behavior>
          <consume-big-bandwidth>no</consume-big-bandwidth>
          <used-by-malware>no</used-by-malware>
          <able-to-transfer-file>yes</able-to-transfer-file>
          <has-known-vulnerability>yes</has-known-vulnerability>
          <tunnel-other-application>no</tunnel-other-application>
          <prone-to-misuse>no</prone-to-misuse>
          <pervasive-use>no</pervasive-use>
          <per-direction-regex>no</per-direction-regex>
          <deny-action>drop-reset</deny-action>
          <data-ident>yes</data-ident>
          <cachable>no</cachable>
          <file-forward>yes</file-forward>
          <can-disable>yes</can-disable>
          <new-appid>yes</new-appid>
          <parent-app>workplace-base</parent-app>
          <tag minver="9.1.0">
            <member>[Web App]</member>
          </tag>
          <references>
            <entry name="Wikipedia">
              <link>https://en.wikipedia.org/wiki/Workplace_by_Facebook</link>
            </entry>
          </references>
          <default>
            <port>
              <member>tcp/80,443</member>
            </port>
          </default>
          <use-applications minver="7.1.0">
            <member minver="7.1.0">workplace-base</member>
          </use-applications>
          <risk>2</risk>
          <preview>yes</preview>
        </entry>
        <entry id="10352" minver="7.1.0" name="workplace-base" ori_country="USA" ori_language="English">
          <ottawa-name>workplace</ottawa-name>
          <category>collaboration</category>
          <subcategory>social-business</subcategory>
          <technology>browser-based</technology>
          <description>Workplace is an enterprise connectivity platform developed by Facebook, Inc. and featuring tools like groups, instant messaging and News Feed.</description>
          <appident>yes</appident>
          <virus-ident>yes</virus-ident>
          <spyware-ident>yes</spyware-ident>
          <file-type-ident>yes</file-type-ident>
          <vulnerability-ident>yes</vulnerability-ident>
          <evasive-behavior>no</evasive-behavior>
          <consume-big-bandwidth>no</consume-big-bandwidth>
          <used-by-malware>no</used-by-malware>
          <able-to-transfer-file>yes</able-to-transfer-file>
          <has-known-vulnerability>yes</has-known-vulnerability>
          <tunnel-other-application>no</tunnel-other-application>
          <prone-to-misuse>no</prone-to-misuse>
          <pervasive-use>no</pervasive-use>
          <per-direction-regex>no</per-direction-regex>
          <deny-action>drop-reset</deny-action>
          <data-ident>yes</data-ident>
          <cachable>no</cachable>
          <file-forward>yes</file-forward>
          <can-disable>yes</can-disable>
          <new-appid>yes</new-appid>
          <parent-app>facebook-base</parent-app>
          <tag minver="9.1.0">
            <member>[Web App]</member>
          </tag>
          <references>
            <entry name="Wikipedia">
              <link>https://en.wikipedia.org/wiki/Workplace_by_Facebook</link>
            </entry>
          </references>
          <default>
            <port>
              <member>tcp/80,443</member>
            </port>
          </default>
          <use-applications>
            <member>facebook-base</member>
            <member>ssl</member>
            <member>web-browsing</member>
            <member minver="3.1.0">websocket</member>
          </use-applications>
          <tunnel-applications minver="7.1.0">
            <member minver="7.1.0">workplace-downloading</member>
            <member minver="7.1.0">workplace-uploading</member>
          </tunnel-applications>
          <risk>2</risk>
          <application-container>workplace</application-container>
          <preview>yes</preview>
        </entry>
        <entry id="10352" minver="7.1.0" ori_country="USA" ori_language="English" name="workplace">
          <ottawa-name>workplace</ottawa-name>
          <category>collaboration</category>
          <subcategory>social-business</subcategory>
          <technology>browser-based</technology>
          <description>Workplace is an enterprise connectivity platform developed by Facebook, Inc. and featuring tools like groups, instant messaging and News Feed.</description>
          <appident>yes</appident>
          <virus-ident>yes</virus-ident>
          <spyware-ident>yes</spyware-ident>
          <file-type-ident>yes</file-type-ident>
          <vulnerability-ident>yes</vulnerability-ident>
          <evasive-behavior>no</evasive-behavior>
          <consume-big-bandwidth>no</consume-big-bandwidth>
          <used-by-malware>no</used-by-malware>
          <able-to-transfer-file>yes</able-to-transfer-file>
          <has-known-vulnerability>yes</has-known-vulnerability>
          <tunnel-other-application>no</tunnel-other-application>
          <prone-to-misuse>no</prone-to-misuse>
          <pervasive-use>no</pervasive-use>
          <per-direction-regex>no</per-direction-regex>
          <deny-action>drop-reset</deny-action>
          <data-ident>yes</data-ident>
          <cachable>no</cachable>
          <file-forward>yes</file-forward>
          <can-disable>yes</can-disable>
          <new-appid>yes</new-appid>
          <parent-app>facebook-base</parent-app>
          <tag minver="9.1.0">
            <member>[Web App]</member>
          </tag>
          <references>
            <entry name="Wikipedia">
              <link>https://en.wikipedia.org/wiki/Workplace_by_Facebook</link>
            </entry>
          </references>
          <default>
            <port>
              <member>tcp/80,443</member>
            </port>
          </default>
          <use-applications>
            <member>facebook-base</member>
            <member>ssl</member>
            <member>web-browsing</member>
            <member minver="3.1.0">websocket</member>
          </use-applications>
          <tunnel-applications minver="7.1.0">
            <member minver="7.1.0">workplace-downloading</member>
            <member minver="7.1.0">workplace-uploading</member>
          </tunnel-applications>
          <risk>2</risk>
          <application-container>workplace</application-container>
          <preview>yes</preview>
        </entry>
        <entry id="10353" minver="7.1.0" name="workplace-uploading" ori_country="USA" ori_language="English">
          <category>collaboration</category>
          <subcategory>social-business</subcategory>
          <technology>browser-based</technology>
          <description>Workplace is an enterprise connectivity platform developed by Facebook, Inc. and featuring tools like groups, instant messaging and News Feed. This App-ID covers the uploading of workplace.</description>
          <appident>yes</appident>
          <virus-ident>yes</virus-ident>
          <spyware-ident>yes</spyware-ident>
          <file-type-ident>yes</file-type-ident>
          <vulnerability-ident>yes</vulnerability-ident>
          <evasive-behavior>no</evasive-behavior>
          <consume-big-bandwidth>no</consume-big-bandwidth>
          <used-by-malware>no</used-by-malware>
          <able-to-transfer-file>yes</able-to-transfer-file>
          <has-known-vulnerability>yes</has-known-vulnerability>
          <tunnel-other-application>no</tunnel-other-application>
          <prone-to-misuse>no</prone-to-misuse>
          <pervasive-use>no</pervasive-use>
          <per-direction-regex>no</per-direction-regex>
          <deny-action>drop-reset</deny-action>
          <data-ident>yes</data-ident>
          <cachable>no</cachable>
          <file-forward>yes</file-forward>
          <can-disable>yes</can-disable>
          <new-appid>yes</new-appid>
          <parent-app>workplace-base</parent-app>
          <tag minver="9.1.0">
            <member>[Web App]</member>
          </tag>
          <references>
            <entry name="Wikipedia">
              <link>https://en.wikipedia.org/wiki/Workplace_by_Facebook</link>
            </entry>
          </references>
          <default>
            <port>
              <member>tcp/80,443</member>
            </port>
          </default>
          <use-applications minver="7.1.0">
            <member minver="7.1.0">workplace-base</member>
          </use-applications>
          <risk>2</risk>
          <preview>yes</preview>
        </entry>
      </application>
      <application-type>
        <category/>
        <technology/>
      </application-type>
    </content-preview>
    <application/>
    <application-group/>
    <service/>
    <service-group/>
    <botnet>
      <configuration>
        <http>
          <dynamic-dns>
            <enabled>yes</enabled>
            <threshold>5</threshold>
          </dynamic-dns>
          <malware-sites>
            <enabled>yes</enabled>
            <threshold>5</threshold>
          </malware-sites>
          <recent-domains>
            <enabled>yes</enabled>
            <threshold>5</threshold>
          </recent-domains>
          <ip-domains>
            <enabled>yes</enabled>
            <threshold>10</threshold>
          </ip-domains>
          <executables-from-unknown-sites>
            <enabled>yes</enabled>
            <threshold>5</threshold>
          </executables-from-unknown-sites>
        </http>
        <other-applications>
          <irc>yes</irc>
        </other-applications>
        <unknown-applications>
          <unknown-tcp>
            <destinations-per-hour>10</destinations-per-hour>
            <sessions-per-hour>10</sessions-per-hour>
            <session-length>
              <maximum-bytes>100</maximum-bytes>
              <minimum-bytes>50</minimum-bytes>
            </session-length>
          </unknown-tcp>
          <unknown-udp>
            <destinations-per-hour>10</destinations-per-hour>
            <sessions-per-hour>10</sessions-per-hour>
            <session-length>
              <maximum-bytes>100</maximum-bytes>
              <minimum-bytes>50</minimum-bytes>
            </session-length>
          </unknown-udp>
        </unknown-applications>
      </configuration>
      <report>
        <topn>100</topn>
        <scheduled>yes</scheduled>
      </report>
    </botnet>
    <log-settings>
      <profiles/>
    </log-settings>
  </shared>
  <mgt-config>
    <users>
      <entry name="admin">
        <phash>*</phash>
        <permissions>
          <role-based>
            <superuser>yes</superuser>
          </role-based>
        </permissions>
      </entry>
      <entry name="paloalto">
        <permissions>
          <role-based>
            <superuser>yes</superuser>
          </role-based>
        </permissions>
        <phash>$1$sxnehtei$7rZkYF6D2W24/kH8cRXym.</phash>
      </entry>
    </users>
    <password-complexity>
      <enabled>yes</enabled>
      <minimum-length>8</minimum-length>
    </password-complexity>
  </mgt-config>
</config>
